{
    "loss": 9.045843124389648,
    "accuracy": 0.5035971403121948
}