{
    "loss": 16.06501579284668,
    "accuracy": 0.5467625856399536
}