{
    "loss": 14.867535591125488,
    "accuracy": 0.5467625856399536
}