{
    "loss": 7.847370147705078,
    "accuracy": 0.5035971403121948
}